source_file,timestamp,model,prompt_id,use_case,difficulty,question,answer,latency_seconds,input_tokens,output_tokens,total_tokens,error
chat_logs_minimax_m2.5.csv,2026-07-08T12:36:29,minimax/minimax-m2.5,website_generation_easy_01,website_generation,easy,"Create a simple responsive HTML and CSS landing page for a cafe with a hero section, opening hours, and contact section.",,34.568,95,3000,3095,
chat_logs_minimax_m2.5.csv,2026-07-08T12:37:21,minimax/minimax-m2.5,website_generation_easy_02,website_generation,easy,Create a responsive navigation bar using HTML and CSS.,,51.294,81,3000,3081,
chat_logs_minimax_m2.5.csv,2026-07-08T12:47:10,minimax/minimax-m2.5,website_generation_medium_02,website_generation,medium,"Create a React component for a product card with image placeholder, title, description, price, and button.",,39.668,92,3000,3092,
chat_logs_minimax_m2.5.csv,2026-07-08T12:48:43,minimax/minimax-m2.5,website_generation_medium_05,website_generation,medium,Create a React component for a cafe menu preview with three categories and product cards.,,48.797,87,3000,3087,
chat_logs_minimax_m2.5.csv,2026-07-08T12:51:02,minimax/minimax-m2.5,website_generation_medium_09,website_generation,medium,Create a React component for customer reviews with three review cards.,,47.506,83,3000,3083,
chat_logs_minimax_m2.5.csv,2026-07-08T12:52:49,minimax/minimax-m2.5,website_generation_medium_12,website_generation,medium,Create a React component for a menu category section that receives items as an array.,,42.052,87,3000,3087,
chat_logs_minimax_m2.5.csv,2026-07-08T12:55:26,minimax/minimax-m2.5,website_generation_medium_16,website_generation,medium,"Create a React component for an order summary card with subtotal, delivery fee, and total.",,55.01,90,3000,3090,
chat_logs_minimax_m2.5.csv,2026-07-08T12:56:08,minimax/minimax-m2.5,website_generation_medium_17,website_generation,medium,Create a responsive staff/team section for a local restaurant.,,42.484,83,3000,3083,
chat_logs_minimax_m2.5.csv,2026-07-08T12:59:15,minimax/minimax-m2.5,website_generation_hard_01,website_generation,hard,"Create a responsive React landing page for a cafe with reusable components: Header, Hero, MenuPreview, OpeningHours, and Footer.",,25.979,97,3000,3097,
chat_logs_minimax_m2.5.csv,2026-07-08T13:01:55,minimax/minimax-m2.5,website_generation_hard_04,website_generation,hard,"Create a React page for an online food shop with product grid, category filters, and cart summary UI.",,48.925,92,3000,3092,
chat_logs_minimax_m2.5.csv,2026-07-08T13:05:07,minimax/minimax-m2.5,website_generation_hard_09,website_generation,hard,"Create a React component for a model comparison table with latency, quality score, cost, and recommendation badge.",,38.302,92,3000,3092,
chat_logs_minimax_m2.5.csv,2026-07-08T13:13:27,minimax/minimax-m2.5,website_generation_hard_18,website_generation,hard,"Create a React page with components for Header, Sidebar, MetricsCards, BenchmarkTable, and Footer.",,47.448,92,3000,3092,
chat_logs_minimax_m2.5.csv,2026-07-08T13:15:10,minimax/minimax-m2.5,website_generation_hard_20,website_generation,hard,"Create a responsive web page for an online ordering system with menu list, item details, quantity controls, and checkout summary UI.",,56.95,96,3000,3096,
chat_logs_minimax_m2.5.csv,2026-07-08T13:18:13,minimax/minimax-m2.5,customer_support_hard_04,customer_support,hard,"A customer wants one sandwich, one dessert, and one coffee with a total budget of 8 euros. Suggest a valid combination and calculate the total.",,12.905,570,600,1170,
chat_logs_minimax_m2.5.csv,2026-07-08T13:18:50,minimax/minimax-m2.5,customer_support_hard_08,customer_support,hard,A customer asks for a recommendation for someone who does not eat pork. Answer carefully using only visible menu names.,,10.264,562,600,1162,
chat_logs_minimax_m2.7.csv,2026-07-08T13:18:53,minimax/minimax-m2.7,customer_support_hard_11,customer_support,hard,A customer wants two drinks and two food items for under 10 euros. Suggest a valid combination and calculate the total.,,9.613,564,600,1164,
chat_logs_minimax_m3.csv,2026-07-08T12:30:53,minimax/minimax-m3,customer_support_medium_18,customer_support,medium,A customer wants one coffee and one dessert for exactly 5 euros. Find a valid combination if possible.,,5.142,715,600,1315,
chat_logs_minimax_m3.csv,2026-07-08T12:32:06,minimax/minimax-m3,customer_support_hard_11,customer_support,hard,A customer wants two drinks and two food items for under 10 euros. Suggest a valid combination and calculate the total.,,5.563,718,600,1318,
chat_logs_qwen3.6_plus.csv,2026-07-08T14:25:23,qwen/qwen3.6-plus,website_generation_hard_02,website_generation,hard,Create a complete HTML and CSS page for a restaurant reservation system with form validation hints.,,164.717,0,0,0,"HTTPSConnectionPool(host='openrouter.ai', port=443): Read timed out."
chat_logs_qwen3.7_max.csv,2026-07-08T14:25:23,qwen/qwen3.7-max,customer_support_hard_08,customer_support,hard,A customer asks for a recommendation for someone who does not eat pork. Answer carefully using only visible menu names.,,137.697,0,0,0,"HTTPSConnectionPool(host='openrouter.ai', port=443): Read timed out."
chat_logs_qwen3.7_max.csv,2026-07-08T14:30:35,qwen/qwen3.7-max,customer_support_hard_20,customer_support,hard,"A customer wants to avoid pork and asks about Brioche with ham, Milano salami, and Chicken sandwich. Explain what can and cannot be safely recommended from the visible names.",,3.681,0,0,0,"429: {""error"":{""message"":""Provider returned error"",""code"":429,""metadata"":{""raw"":""qwen/qwen3.7-max is temporarily rate-limited upstream. Please retry shortly, or add your own key to accumulate your rate limits: https://openrouter.ai/settings/integrations"",""provider_name"":""Alibaba"",""is_byok"":false}},""user_id"":""user_3GAljIguJ9ISsXYMwRisBowwpV6""}"
chat_logs_qwen3.7_max.csv,2026-07-08T14:31:30,qwen/qwen3.7-max,document_understanding_easy_07,document_understanding,easy,Are refunds available for used digital products?,,5.74,0,0,0,"429: {""error"":{""message"":""Provider returned error"",""code"":429,""metadata"":{""raw"":""qwen/qwen3.7-max is temporarily rate-limited upstream. Please retry shortly, or add your own key to accumulate your rate limits: https://openrouter.ai/settings/integrations"",""provider_name"":""Alibaba"",""is_byok"":false}},""user_id"":""user_3GAljIguJ9ISsXYMwRisBowwpV6""}"
chat_logs_qwen3.7_max.csv,2026-07-08T14:31:56,qwen/qwen3.7-max,document_understanding_easy_11,document_understanding,easy,What must refund requests include?,,4.153,0,0,0,"429: {""error"":{""message"":""Provider returned error"",""code"":429,""metadata"":{""raw"":""qwen/qwen3.7-max is temporarily rate-limited upstream. Please retry shortly, or add your own key to accumulate your rate limits: https://openrouter.ai/settings/integrations"",""provider_name"":""Alibaba"",""is_byok"":false}},""user_id"":""user_3GAljIguJ9ISsXYMwRisBowwpV6""}"
chat_logs_qwen3.7_max.csv,2026-07-08T14:32:17,qwen/qwen3.7-max,document_understanding_easy_14,document_understanding,easy,What should support agents avoid doing?,,5.702,0,0,0,"429: {""error"":{""message"":""Provider returned error"",""code"":429,""metadata"":{""raw"":""qwen/qwen3.7-max is temporarily rate-limited upstream. Please retry shortly, or add your own key to accumulate your rate limits: https://openrouter.ai/settings/integrations"",""provider_name"":""Alibaba"",""is_byok"":false}},""user_id"":""user_3GAljIguJ9ISsXYMwRisBowwpV6""}"
chat_logs_qwen3.7_max.csv,2026-07-08T14:32:21,qwen/qwen3.7-max,document_understanding_easy_15,document_understanding,easy,Who reviews same-day cancellations?,,4.715,0,0,0,"429: {""error"":{""message"":""Provider returned error"",""code"":429,""metadata"":{""raw"":""qwen/qwen3.7-max is temporarily rate-limited upstream. Please retry shortly, or add your own key to accumulate your rate limits: https://openrouter.ai/settings/integrations"",""provider_name"":""Alibaba"",""is_byok"":false}},""user_id"":""user_3GAljIguJ9ISsXYMwRisBowwpV6""}"
chat_logs_qwen3.7_max.csv,2026-07-08T14:32:36,qwen/qwen3.7-max,document_understanding_easy_17,document_understanding,easy,What payment data rule is stated in the document?,,4.456,0,0,0,"429: {""error"":{""message"":""Provider returned error"",""code"":429,""metadata"":{""raw"":""qwen/qwen3.7-max is temporarily rate-limited upstream. Please retry shortly, or add your own key to accumulate your rate limits: https://openrouter.ai/settings/integrations"",""provider_name"":""Alibaba"",""is_byok"":false}},""user_id"":""user_3GAljIguJ9ISsXYMwRisBowwpV6""}"
chat_logs_qwen3.7_max.csv,2026-07-08T14:33:35,qwen/qwen3.7-max,document_understanding_medium_02,document_understanding,medium,Can a customer get a refund for a used digital product? Answer based only on the document.,,4.656,0,0,0,"429: {""error"":{""message"":""Provider returned error"",""code"":429,""metadata"":{""raw"":""qwen/qwen3.7-max is temporarily rate-limited upstream. Please retry shortly, or add your own key to accumulate your rate limits: https://openrouter.ai/settings/integrations"",""provider_name"":""Alibaba"",""is_byok"":false}},""user_id"":""user_3GAljIguJ9ISsXYMwRisBowwpV6""}"
chat_logs_qwen3.7_max.csv,2026-07-08T14:33:42,qwen/qwen3.7-max,document_understanding_medium_03,document_understanding,medium,What exception is mentioned for VIP customers?,,6.945,0,0,0,"429: {""error"":{""message"":""Provider returned error"",""code"":429,""metadata"":{""raw"":""qwen/qwen3.7-max is temporarily rate-limited upstream. Please retry shortly, or add your own key to accumulate your rate limits: https://openrouter.ai/settings/integrations"",""provider_name"":""Alibaba"",""is_byok"":false}},""user_id"":""user_3GAljIguJ9ISsXYMwRisBowwpV6""}"
chat_logs_qwen3.7_max.csv,2026-07-08T14:33:47,qwen/qwen3.7-max,document_understanding_medium_04,document_understanding,medium,Extract the delivery time and missing item rule from the document.,,5.121,0,0,0,"429: {""error"":{""message"":""Provider returned error"",""code"":429,""metadata"":{""raw"":""qwen/qwen3.7-max is temporarily rate-limited upstream. Please retry shortly, or add your own key to accumulate your rate limits: https://openrouter.ai/settings/integrations"",""provider_name"":""Alibaba"",""is_byok"":false}},""user_id"":""user_3GAljIguJ9ISsXYMwRisBowwpV6""}"
chat_logs_qwen3.7_plus.csv,2026-07-08T14:25:23,qwen/qwen3.7-plus,website_generation_medium_20,website_generation,medium,"Create a responsive comparison section for three restaurant service options: dine-in, takeaway, delivery.",,223.471,0,0,0,"HTTPSConnectionPool(host='openrouter.ai', port=443): Read timed out."
